{
  "train_loss": 6.266786575317383,
  "train_loss_step": 5.848834037780762,
  "val_loss": 9.60800552368164,
  "val_SMAPE": 0.44655337929725647,
  "val_MAE": 16.1669921875,
  "val_RMSE": 30.775779724121094,
  "val_MAPE": 48365448.0,
  "train_loss_epoch": 6.266786575317383,
  "epoch": 26,
  "global_step": 999
}