{
  "train_loss": 8.192789077758789,
  "train_loss_step": 9.990985870361328,
  "val_loss": 10.760486602783203,
  "val_SMAPE": 0.47626733779907227,
  "val_MAE": 16.86515998840332,
  "val_RMSE": 32.749359130859375,
  "val_MAPE": 37153972.0,
  "train_loss_epoch": 8.192789077758789,
  "epoch": 10,
  "global_step": 407
}