{
  "train_loss": 8.519204139709473,
  "train_loss_step": 7.887537956237793,
  "val_loss": 10.110466957092285,
  "val_SMAPE": 0.46542441844940186,
  "val_MAE": 16.275741577148438,
  "val_RMSE": 31.703990936279297,
  "val_MAPE": 33416644.0,
  "train_loss_epoch": 8.519204139709473,
  "epoch": 2,
  "global_step": 111
}