{
  "train_loss": 7.597227096557617,
  "train_loss_step": 8.35461711883545,
  "val_loss": 9.625238418579102,
  "val_SMAPE": 0.4447953402996063,
  "val_MAE": 16.6488094329834,
  "val_RMSE": 30.764822006225586,
  "val_MAPE": 58382712.0,
  "train_loss_epoch": 7.597227096557617,
  "epoch": 16,
  "global_step": 833
}