{
  "train_loss": 9.452241897583008,
  "train_loss_step": 7.66826057434082,
  "val_loss": 10.505045890808105,
  "val_SMAPE": 0.5116376280784607,
  "val_MAE": 17.202383041381836,
  "val_RMSE": 33.856624603271484,
  "val_MAPE": 30108516.0,
  "train_loss_epoch": 9.452241897583008,
  "epoch": 1,
  "global_step": 98
}