{
  "train_loss": 9.485657691955566,
  "train_loss_step": 6.653653621673584,
  "val_loss": 10.039570808410645,
  "val_SMAPE": 0.46765410900115967,
  "val_MAE": 16.55474281311035,
  "val_RMSE": 31.0669002532959,
  "val_MAPE": 35654468.0,
  "train_loss_epoch": 9.485657691955566,
  "epoch": 1,
  "global_step": 98
}